[null,{"name":"info","permissions":"NONE","restriction":"1","_id":"dCJag","actions":[{"channel":"1","varName":"","message":"**💛Witaj, tutaj znajdziesz podstawowe informacje na temat serwera!💛**\nRogrywka:\nWłaściciel:\nData startu:\nAdministracja:\n\n❕Pozdrawiamy Ekipa serwera EnergyLigeRPG❕","storage":"0","varName2":"","name":"Send Message"}]},{"name":"Opis","permissions":"NONE","restriction":"1","_id":"xVLuE","actions":[{"channel":"1","varName":"","message":"💬OPIS SERWERA💬\n\nWitaj graczu na serwerze EnergyLifeRPG!\n(Dalszy opis)","storage":"0","varName2":"","name":"Send Message"}]},{"name":"clear","permissions":"MANAGE_MESSAGES","restriction":"1","_id":"JJOLj","actions":[{"info":"0","infoIndex":"1","storage":"1","varName":"1","name":"Store Command Params"},{"storage":"0","varName":"","name":"Delete Message"},{"channel":"0","count":"${tempVars(\"1\")}","condition":"0","custom":"","varName":"","name":"Delete Bulk Messages"},{"channel":"0","varName":"","message":"Usunięto ${tempVars(\"1\")} wiadomości","storage":"1","varName2":"2","name":"Send Message"},{"time":"10","measurement":"1","name":"Wait"},{"storage":"1","varName":"2","name":"Delete Message"}]},{"name":"kick","permissions":"KICK_MEMBERS","restriction":"1","_id":"qLUJd","actions":[{"info":"1","infoIndex":"1","storage":"1","varName":"1","name":"Store Command Params"},{"member":"0","varName":"","reason":"${tempVars(\"1\")}","name":"Kick Member"},{"channel":"3","varName":"","message":"${mentionedUser} **Został wyrzucony!** przez: ${member}","storage":"0","varName2":"","name":"Send Message"},{"storage":"0","varName":"","name":"Delete Message"}]},{"name":"ban","permissions":"KICK_MEMBERS","restriction":"1","_id":"qLUJd","actions":[{"info":"1","infoIndex":"1","storage":"1","varName":"1","name":"Store Command Params"},{"member":"0","varName":"","reason":"${tempVars(\"1\")}","name":"Ban Member"},{"channel":"0","varName":"","message":"${mentionedUser} **Został zbanowany! **","storage":"0","varName2":"","name":"Send Message"},{"storage":"0","varName":"","name":"Delete Message"}]},{"name":"prefix","permissions":"ADMINISTRATOR","restriction":"2","_id":"psCFn","actions":[{"info":"0","infoIndex":"1","storage":"1","varName":"jeden","name":"Store Command Params"},{"pprefix":"${tempVars(\"jeden\")}","name":"Zmien Globalny Prefix"},{"channel":"0","varName":"","message":"Zmieniono Prefix na: ${tempVars(\"jeden\")}","storage":"0","varName2":"","name":"Send Message"}]},{"name":"komendy","permissions":"NONE","restriction":"1","_id":"Ontsc","actions":[{"channel":"0","varName":"","message":"❕KOMENDY❕\n\ninfo\nopis\nkick\nban\nprefix","storage":"1","varName2":"1","name":"Send Message"},{"storage":"0","varName":"1","name":"Delete Message"},{"time":"5","measurement":"1","name":"Wait"},{"storage":"1","varName":"1","name":"Delete Message"}]},{"name":"","permissions":"ADMINISTRATOR","restriction":"1","_id":"LTUTo","actions":[]}]